Include Group,Group Name,Combine,Platform-Type-OS-Version,Name,Location,Environment,Test Data
No,CreateSchedule,,IOS-Simulator-IOS-9.3,iPhone 6,Local,Dogfooding,"AcquisitionType=Automatic, Tags='LYRIC_STAT,SERVER_JASPER_DOGFOODING"
No,EditNAGeofencescheduleWithSleepsettings,,Android-Device-Android-6.0,Samsung Galaxy S6,SauceLabs,Production,"AcquisitionType=Automatic, Tags='REFACTOR_PROD_JASPER_NA,SINGLE_LOCATION_SINGLE_DEVICE,BASIC_SETTINGS'"
No,EditEMEAGeofencescheduleWithSleepsettings,,Android-Device-Android-6.0,Samsung Galaxy S6,SauceLabs,Production,"AcquisitionType=Automatic, Tags='REFACTOR_PROD_JASPER_EMEA,SINGLE_LOCATION_SINGLE_DEVICE'"
No,TemperatureAlertsOfStat,,Android-Device-Android-6.0,Samsung Galaxy S6,SauceLabs,Production,"AcquisitionType=Automatic, Tags='REFACTOR_PROD_JASPER_NA,MULTI_LOCATION_MULTI_DEVICE'"
No,HumidityAlertsOfStat_OnlyHBB,,Android-Device-Android-6.0,Samsung Galaxy S6,SauceLabs,Production,"AcquisitionType=Automatic, Tags='REFACTOR_PROD_HBB,SINGLE_LOCATION_SINGLE_DEVICE'"
No,ViewFilterReminderScreen_OnlyNAandHBB,,Android-Device-Android-6.0,Samsung Galaxy S6,SauceLabs,Production,"AcquisitionType=Automatic, Tags='REFACTOR_PROD_JASPER_NA,SINGLE_LOCATION_SINGLE_DEVICE'"
No,LocationWithMultipleStats,,Android-Device-Android-6.0,Samsung Galaxy S6,SauceLabs,Production,"AcquisitionType=Specific, TestData='USERID=platform@grr.la,PASSWORD=Password00,LOCATION1_NAME=NA Home,LOCATION1_DEVICE1_NAME=6237,LOCATION1_DEVICE2_NAME=HB,LOCATION2_NAME=NA2,LOCATION2_DEVICE1_NAME=Stat 6325'"
No,ChangeStatModeNAAutochangeover,,Android-Device-Android-6.0,Samsung Galaxy S6,SauceLabs,Production,"AcquisitionType=Automatic, Tags='REFACTOR_PROD_JASPER_NA,SINGLE_LOCATION_SINGLE_DEVICE,SPECIFIC_SETTINGS'"
No,ChangeStatModeEMEA,,Android-Device-Android-6.0,Samsung Galaxy S6,SauceLabs,Production,"AcquisitionType=Automatic, Tags='REFACTOR_PROD_JASPER_EMEA,SINGLE_LOCATION_SINGLE_DEVICE'"
No,EditTimescheduleDeletingallperiodNA,,IOS-Simulator-IOS-9.3,iPhone 6,SauceLabs,Production,"AcquisitionType=Automatic, Tags='REFACTOR_PROD_JASPER_NA,SINGLE_LOCATION_SINGLE_DEVICE,BASIC_SETTINGS'"
No,EditTimescheduleTimeformatEMEA,,IOS-Simulator-IOS-9.3,iPhone 6,SauceLabs,Production,"AcquisitionType=Automatic, Tags='REFACTOR_PROD_JASPER_EMEA,SINGLE_LOCATION_SINGLE_DEVICE'"
No,GeofenceMonitoringForVariousCombination,,Android-Device-Android-6.0,Samsung Galaxy S6,Local,Production,"AcquisitionType=Specific, TestData='USERID=plat_test1@grr.la,PASSWORD=Password1,LOCATION1_NAME=Home,LOCATION1_DEVICE1_NAME=Stat 6315'"
No,StatShouldnotParticipateGeofenceMonitoringMultipleStat,,Android-Device-Android-6.0,Samsung Galaxy S6,Local,Production,"AcquisitionType=Specific, TestData='USERID=jasperna_4@grr.la,PASSWORD=Password1,LOCATION1_NAME=Home,LOCATION1_DEVICE1_NAME=Stat 6288,LOCATION2_NAME=Office,LOCATION2_DEVICE1_NAME=Stat 6290,LOCATION2_DEVICE2_NAME=Stat 6236'"
No,DASInstallationGuide,,Android-Device-Android-6.0,.*,Perfecto,Development,"AcquisitionType=Specific, TestData='USERID=das_nodevice1@mailinator.com,PASSWORD=Password1,LOCATION1_NAME=No Location,LOCATION1_DEVICE1_NAME=No Device'"
,DASInstallationGuide,,Android-Device-Android-6.0,.*,Perfecto,Development,"AcquisitionType=Specific, TestData='USERID=shilpak@thoughtworks.com,PASSWORD=Password1,LOCATION1_NAME=No Location,LOCATION1_DEVICE1_NAME=No Device'"
,SystemStatus_timestamp,,Android-Device-Android-6.0,.*,Perfecto,CHIL Stub API,"AcquisitionType=Specific, TestData='USERID=shilpak@thoughtworks.com,PASSWORD=Password1,LOCATION1_NAME=No Location,LOCATION1_DEVICE1_NAME=No Device'"
,Sensor_Issues,,Android-Device-Android-6.0,.*,Perfecto,Granite QA API,"AcquisitionType=Specific, TestData='USERID=test1234@grr.la,PASSWORD=Password.1234,LOCATION1_NAME=QA,LOCATION1_DEVICE1_NAME=No Device'"
,CommandFlowsSwitching,,Android-Device-Android-6.0,.*,Perfecto,Granite QA API,"AcquisitionType=Specific, TestData='USERID=test1234@grr.la,PASSWORD=Password.1234,LOCATION1_NAME=QA,LOCATION1_DEVICE1_NAME=No Device'"
,DasHomeSettings,,Android-Device-Android-6.0,.*,Perfecto,Chil Das(QA),"AcquisitionType=Specific, TestData='USERID=testaccount@mailinator.com,PASSWORD=Password1,LOCATION1_NAME=7n2_444,LOCATION1_DEVICE1_NAME=444bs'"
,DasEntryExitSettings,,Android-Device-Android-7.0,Samsung Galaxy S6,Local,Chil Das(QA),"AcquisitionType=Specific, TestData='USERID=qaevt@mailinator.com,PASSWORD=Password1,LOCATION1_NAME=7N54,LOCATION1_DEVICE1_NAME=Living Room Apollo'"
,DasAwaySettings,,Android-Device-Android-6.0,.*,Perfecto,Chil Das(QA),"AcquisitionType=Specific, TestData='USERID=testuser2qa@grr.la,PASSWORD=Password1,LOCATION1_NAME=7n2_444,LOCATION1_DEVICE1_NAME=444bs'"
,DasNightSettings,,Android-Device-Android-6.0,.*,Perfecto,Chil Das(QA),"AcquisitionType=Specific, TestData='USERID=testuser2qa@grr.la,PASSWORD=Password1,LOCATION1_NAME=7n2_444,LOCATION1_DEVICE1_NAME=444bs'"
,dasBasestationRename,,Android-Device-Android-6.0,.*,Perfecto,Chil Das(QA),"AcquisitionType=Specific, TestData='USERID=testuser2qa@grr.la,PASSWORD=Password1,LOCATION1_NAME=7n2_444,LOCATION1_DEVICE1_NAME=444bs'"
